{
    "k0"    :   [
        [1, 7, 3, 3, 5],
        [0.142857142857, 1, 0.2, 0.2, 0.333333333333],
        [0.333333333333, 5, 1, 1, 3],
        [0.333333333333, 5, 1, 1, 3],
        [0.2, 3, 0.333333333333, 0.333333333333, 1]
    ],
    "k1"    :   [
        [1, 5, 1, 0.333333333333, 0.333333333333],
        [0.2, 1, 0.2, 0.142857142857, 0.142857142857],
        [1, 5, 1, 1, 1],
        [3, 7, 1, 1, 1],
        [3, 7, 1, 1, 1]
    ],
    "k2"    :   [
        [1, 0.333333333333, 1, 3, 3],
        [3, 1, 3, 3, 5],
        [1, 0.333333333333, 1, 3, 3],
        [0.333333333333, 0.333333333333, 0.333333333333, 1, 1],
        [0.333333333333, 0.2, 0.333333333333, 1, 1]
    ],
    "k3"    :   [
        [1, 0.2, 1, 3, 0.142857142857],
        [5, 1, 1, 3, 0.333333333333],
        [1, 1, 1, 3, 0.333333333333],
        [0.333333333333, 0.333333333333, 0.333333333333, 1, 0.2],
        [7, 3, 3, 5, 1]
    ],
    "k4"    :   [
        [1, 0.2, 0.2, 1, 0.333333333333],
        [5, 1, 1, 5, 3],
        [5, 1, 1, 5, 3],
        [1, 0.2, 0.2, 1, 0.333333333333],
        [3, 0.333333333333, 0.333333333333, 3, 1]
    ],
    "k5"    :   [
        [1, 0.333333333333, 0.142857142857, 1, 0.142857142857],
        [3, 1, 0.2, 3, 0.333333333333],
        [7, 5, 1, 7, 3],
        [1, 0.333333333333, 0.142857142857, 1, 0.2],
        [7, 3, 0.333333333333, 5, 1]
    ]
}